given_name,family_name,phone,email,address,city,post_code,state,country
Ralph,Banks,1-469-710-4408,dictum@pedeSuspendisse.co.uk,9892 Enim. St.,Przemyśl,Z7633,Podkarpackie,Thailand
Tanya,Nolan,120-1338,blandit@natoque.edu,168-195 Curabitur St.,Nantes,420034,Pays de la Loire,New Caledonia
Kalia,Sheppard,551-4678,Nullam@enimnon.co.uk,Ap #423-4445 Nibh. Rd.,Gwangyang,93276,South Jeolla,Falkland Islands
Porter,Porter,1-151-144-5604,tempus@orciUtsagittis.net,Ap #841-5044 Scelerisque St.,Codó,859300,MA,Somalia
Kirk,Juarez,1-525-434-0216,a@non.net,551-2093 Tincidunt Rd.,Guelph,EB59 3EZ,Ontario,Finland
Kiona,Valdez,1-703-731-9008,diam.Sed.diam@aauctor.edu,749-3560 Vitae St.,Rennes,973559,BR,Syria
Joan,Head,842-5296,in.tempus.eu@eutellusPhasellus.edu,"P.O. Box 831, 5184 Dolor, Av.",Baie-Comeau,H7E 9P0,Quebec,Croatia
Amanda,Cannon,414-6409,Fusce@ornarelectusjusto.org,"5250 Est, Street",Paris,536497,IL,Ethiopia
Ali,Schneider,760-6467,eget.venenatis@Nullam.com,"P.O. Box 120, 3104 Ut Rd.",Soledad de Graciano Sánchez,20616,San Luis Potosí,Oman
Kylee,Hunt,1-889-733-7797,pretium.et@asollicitudinorci.net,"P.O. Box 186, 6979 Lacus. Avenue",San Antonio,66885-78050,SJ,Uganda
Maryam,Cummings,1-466-806-4928,justo.eu.arcu@lectus.org,743-1760 Dui. Rd.,Marchtrenk,11576,OÖ.,Saint Barthélemy
Arthur,Floyd,766-9988,Nam@hendreritconsectetuer.com,Ap #851-3344 Ante Av.,Vertou,1113,PA,Aruba
Elvis,Buchanan,1-765-158-4476,adipiscing@consectetuer.ca,Ap #698-6522 Rutrum St.,Tampa,23153,Florida,"Congo, the Democratic Republic of the"
Lilah,Luna,899-2638,Vivamus.non.lorem@milacinia.ca,"P.O. Box 851, 5556 Dignissim St.",Dublin,32082-31873,Leinster,Slovenia
Quintessa,Taylor,1-444-954-3927,et.commodo@estNunclaoreet.edu,6832 Ipsum Rd.,San Rafael,05267,Alajuela,Estonia
Zephr,Stafford,892-1914,Quisque.libero@nibh.net,7511 Tincidunt Road,Santa Cruz,L8T 0P6,O'Higgins,Iceland
Medge,Hensley,1-535-549-4995,dignissim@tellussem.edu,Ap #898-4260 Posuere Rd.,Gold Coast,91964,Queensland,Northern Mariana Islands
Dale,Wheeler,1-429-964-5388,nec.leo.Morbi@sitametrisus.co.uk,"P.O. Box 116, 216 Magnis Ave",Tyumen,2149,Tyumen Oblast,Bolivia
Paki,Orr,1-997-450-9911,augue.ac.ipsum@Sednunc.edu,Ap #975-9033 Risus. Rd.,Kayseri,35519,Kayseri,South Africa
Alexander,Garcia,1-507-185-4385,pede.sagittis.augue@lacusEtiam.com,"P.O. Box 433, 6359 Malesuada Road",Cork,Z8927,M,Vanuatu
Lyle,Morton,1-686-975-6750,Proin@magnaPhasellusdolor.com,Ap #259-6517 Sem Av.,Peñalolén,XP66 8HN,RM,Slovakia
Sebastian,Berg,1-284-484-8582,at.augue.id@parturientmontes.net,"P.O. Box 695, 6195 Lacus Avenue",Märsta,18694,Stockholms län,Hong Kong
Sylvester,Casey,325-3610,eros.turpis.non@lectus.com,1313 Netus Road,Kansas City,52998,MO,Comoros
Maggie,Acevedo,1-473-663-8751,nec.orci.Donec@iaculisenim.ca,999-6687 Eget Rd.,Gwangju,02710,Gye,Solomon Islands
Lunea,Smith,164-8473,ligula@commodoat.edu,202-9602 Ut Street,Onitsha,4858,AN,Germany
Scarlett,Buck,184-0951,Etiam@urnanec.co.uk,279-9937 Mauris Rd.,San Pedro,90-566,San José,Switzerland
Emily,Mullins,807-7319,arcu@sapien.ca,3594 Mauris Street,Galway,04017,C,Australia
Isaac,Leon,1-613-933-5493,mi.ac@interdumenim.org,"P.O. Box 369, 7552 Ante. Rd.",Cap-Saint-Ignace,85623,QC,Mongolia
Adria,Estes,1-803-371-0074,a.felis.ullamcorper@consectetuer.edu,7910 Dui. Avenue,Vienna,B22 1YP,Vienna,"Palestine, State of"
Nehru,Holmes,1-508-684-4020,ipsum@faucibus.com,Ap #743-6821 Ac Av.,Sechura,R7R 0N6,Piura,French Guiana
Cheyenne,Bradford,1-258-593-5004,Etiam.imperdiet.dictum@sed.edu,"P.O. Box 921, 6429 Pede, Street",Birkenhead,47-662,CH,Turks and Caicos Islands
Kato,Mckay,623-0083,adipiscing.ligula@Morbisit.org,"P.O. Box 631, 1560 Sed Rd.",Ercolano,3941,CAM,"Saint Helena, Ascension and Tristan da Cunha"
Galena,Hewitt,1-273-672-1533,pede@nisiCum.net,6496 Risus. Rd.,Naperville,21693,Illinois,Poland
Timon,Oliver,1-192-586-4074,amet@faucibus.org,"P.O. Box 358, 907 Pede, Ave",Santa Maria,76457,RS,Cook Islands
Echo,Mcgowan,609-3987,ultricies.ornare.elit@pulvinararcuet.com,498-4463 Nibh Ave,Brodick,C4Y 1B7,Buteshire,Botswana
Bryar,Cox,736-6436,nulla@Quisquetinciduntpede.com,8007 Magna. Rd.,San Giovanni la Punta,156539,Sicilia,Anguilla
Marny,May,525-7804,senectus.et@urnaet.org,621-628 At Road,Bridge of Allan,4944,Stirlingshire,Mozambique
Shellie,Payne,1-635-768-1261,tempor.lorem.eget@vitaealiquetnec.ca,370-5567 Sit Avenue,Vienna,94269,Wie,Grenada
Oscar,Robles,1-137-246-5586,non.luctus@Sedeueros.com,198-8785 Lorem Avenue,Snellegem,879847,WV,Panama
Guinevere,Ratliff,304-1794,nisi@sodales.ca,Ap #721-7620 Diam Street,Vienna,6062,Wie,Svalbard and Jan Mayen Islands
Jermaine,Hudson,709-6100,Sed.diam.lorem@Nullatincidunt.com,575-5822 Dui. Av.,Puerto Montt,21516,X,Mayotte
Carter,Jimenez,1-978-674-2758,Nunc.lectus.pede@consectetueradipiscingelit.edu,1906 Vestibulum Avenue,Alacant,4809,CV,United Kingdom (Great Britain)
Kirestin,Frederick,1-431-763-4174,ut@massalobortis.org,Ap #504-5593 Turpis. Road,Mildura,753878,Victoria,Lebanon
Tallulah,Ward,1-526-809-7116,nisl@nequesedsem.net,"467-513 Vulputate, Road",Morelia,09006,Mic,Japan
Russell,Davis,682-6835,Mauris.nulla.Integer@penatibuset.ca,783-3445 Duis St.,Tampa,0251 KS,Florida,Gabon
Jaden,Mueller,788-6289,Cras.eu.tellus@nuncrisus.edu,Ap #821-6907 Sit Rd.,Istanbul,9576,Ist,Malaysia
Jakeem,Pena,128-2620,vitae.erat.vel@mollisDuissit.net,Ap #175-6257 Egestas Rd.,San Nicolás,Z9724,VII,Senegal
Cassady,Cochran,1-979-650-8620,facilisis.eget@maurisrhoncus.net,Ap #757-3053 Volutpat. Road,Somma Lombardo,81788,LOM,Ecuador
Eliana,Jennings,1-772-296-6978,aliquam@velit.net,Ap #285-4602 Nullam St.,Mazatlán,52280-67669,Sinaloa,Sao Tome and Principe
Isabella,Summers,1-336-663-7571,pede.blandit.congue@lectusquismassa.org,Ap #356-2393 Accumsan Avenue,Dutse,1256,Jigawa,Sierra Leone
Neve,Strong,228-2910,fringilla.euismod.enim@pede.org,642-3139 Mi Ave,Courbevoie,Z9327,Île-de-France,American Samoa
Wanda,Stephens,942-7431,ut@Vestibulumaccumsan.net,6221 A Street,Wilmington,916892,DE,Nepal
Alma,Guerra,1-551-947-0307,quam.dignissim.pharetra@etrisus.org,2307 Pede Ave,Vienna,0665,Wie,Bangladesh
Jescie,Grant,1-181-475-9033,et@id.ca,"P.O. Box 224, 9655 Aliquam Avenue",Bydgoszcz,639804,Kujawsko-pomorskie,Antarctica
Adena,Griffin,1-580-251-4512,Mauris.vel.turpis@ultrices.edu,693-4698 Eu Street,Plymouth,7476 DA,DE,United States Minor Outlying Islands
Caesar,Bond,775-8349,Integer@volutpatornarefacilisis.net,Ap #639-7309 Rutrum Rd.,Siedlce,8743,Mazowieckie,Sierra Leone
Kennan,Zamora,1-703-578-7832,odio@nonhendreritid.com,736-5267 Ut Rd.,Gandhidham,616426,Gujarat,Romania
Hilary,Foreman,1-857-826-3523,sapien.Aenean.massa@elitsed.ca,128-9836 Donec Avenue,Mol,77862,AN,Sierra Leone
Carl,Mosley,1-320-917-2528,dignissim@ut.ca,"P.O. Box 273, 4853 Senectus Av.",Fremantle,Z7184,Western Australia,Italy
Grady,Bolton,334-5715,in@vitaesemperegestas.com,232 Lectus. Avenue,Chillán,3843 SR,VII,"Saint Helena, Ascension and Tristan da Cunha"
Casey,Mccormick,1-742-764-9780,velit.eget.laoreet@sem.edu,9687 Fusce Rd.,Kano,614145,Kano,China
Rafael,Horn,1-501-791-6895,penatibus.et.magnis@sociis.com,Ap #670-2360 Nulla St.,Sabadell,55824,CA,Mayotte
Ria,Lindsey,188-5720,sapien.Nunc.pulvinar@massarutrum.ca,391-8642 Fringilla Rd.,Waitakere,801667,NI,Sudan
Leandra,Marquez,889-4842,Aliquam.fringilla@eleifendnuncrisus.edu,169-3880 Ullamcorper Ave,Quellón,E8E 8V5,X,Christmas Island
Marvin,Holloway,706-2745,et.netus.et@risus.org,8129 Sed Road,San Antonio,23083,V,Andorra
Hayfa,Dixon,1-701-878-9971,sem@risusDonec.com,Ap #533-5441 Proin Av.,Nizhny,36145,Nizhny Novgorod Oblast,Lithuania
Jonas,Bray,676-8923,porttitor.interdum@gravidanonsollicitudin.ca,Ap #265-4530 Aliquam Rd.,Vienna,894047,Wie,Latvia
Tobias,Jennings,1-180-891-9188,Proin.vel@necurnaet.com,Ap #577-7212 Arcu. Av.,Shikarpur,854951,PU,"Palestine, State of"
Jason,Gross,1-569-386-5883,morbi@lorem.org,Ap #485-3244 Nulla Avenue,Åkersberga,68852,Stockholms län,El Salvador
Lev,Massey,887-1742,Quisque@In.net,274-8533 Est Rd.,Galway,98411,Connacht,Malaysia
Adena,Sanchez,750-3178,placerat.orci.lacus@ametrisusDonec.edu,405-7804 Magnis Avenue,Bafra,914664,Sam,Mongolia
Leah,Wright,902-7808,Curabitur.consequat.lectus@Integerin.com,2903 Duis Ave,Burnaby,52495,British Columbia,Niger
Noah,Glass,657-1551,ipsum@faucibus.org,7529 Eu Rd.,Arequipa,5907 WF,ARE,Azerbaijan
Barbara,Vasquez,1-159-216-4282,Nam@liberoMorbi.edu,"P.O. Box 519, 9975 Ante. Rd.",Evansville,97902,IN,Belize
Cailin,Witt,152-2005,vel@CuraeDonec.edu,608-265 Gravida. Rd.,Pacasmayo,52568,LAL,Barbados
Sean,Jackson,1-372-255-1420,Quisque@acfacilisisfacilisis.ca,"P.O. Box 577, 9478 Tempus Ave",Weyburn,621712,Saskatchewan,Saint Barthélemy
Ivy,Hunter,432-4209,senectus.et.netus@utipsum.edu,329-7272 Amet Avenue,Probolinggo,02970,East Java,Grenada
Lev,Pena,1-822-908-4229,hendrerit@sapienNunc.edu,"7978 In, Road",Bucheon,550031,Gyeonggi,Myanmar
Kelly,Sullivan,1-955-318-9801,penatibus@Suspendisse.net,"P.O. Box 571, 4319 Id, Street",Chiclayo,Z6757,LAM,Turkey
Price,Carver,507-9375,fringilla.cursus.purus@magnisdis.edu,674-157 Urna Street,Tczew,788125,PM,Paraguay
Marny,Best,927-0235,sapien@etultrices.org,828-8030 Sagittis St.,Belfast,6080,U,Iraq
Tana,Chase,757-6015,sagittis@lacus.co.uk,"P.O. Box 471, 2946 Dapibus St.",Kirov,04-395,Kirov Oblast,Ecuador
Kylan,Wright,1-607-690-8908,sem@erosProin.org,576-6937 Magna Rd.,Carapicuíba,453663,São Paulo,Mayotte
Alexander,Conner,889-4208,euismod.urna@sodales.edu,5129 Tempus Ave,Radom,Z1384,Mazowieckie,New Zealand
Jasper,Avila,443-9615,felis.purus@musDonec.edu,9710 Fusce Ave,Niterói,173736,RJ,Nepal
Madeson,Hays,182-6002,ipsum@lorem.edu,Ap #904-902 Lacus. Road,Saratov,851801,Saratov Oblast,Guatemala
Rhonda,Shepherd,1-302-661-8701,eu.turpis.Nulla@elitpellentesquea.com,8386 Et St.,Berlare,12322,OV,Tuvalu
Sybill,Porter,1-411-176-5686,vulputate.posuere.vulputate@risus.co.uk,Ap #903-9094 Dui Av.,Lower Hutt,05165,North Island,Marshall Islands
Amir,Delaney,1-428-799-1654,luctus.sit@ligulaAliquamerat.co.uk,"P.O. Box 521, 4683 Malesuada. Ave",Częstochowa,19214-31613,Sląskie,Central African Republic
Todd,Hunter,1-896-594-4202,Aliquam.auctor@suscipitnonummy.ca,6044 Tellus Ave,Lodhran,436610,Punjab,Montserrat
Lydia,Anthony,1-614-563-1887,ut.lacus@utnisia.edu,589-1528 Commodo Road,Zevekote,X9X 1R4,WV,Guatemala
Brett,Hanson,1-498-539-0647,at.egestas.a@famesacturpis.net,8227 Integer Rd.,Iksan,3366,North Jeolla,Uzbekistan
Dana,Golden,689-9690,In@tortor.co.uk,"P.O. Box 538, 820 Dolor. Avenue",Kasterlee,960080,Antwerpen,Isle of Man
Dora,Ashley,749-7632,Nulla@In.com,"P.O. Box 427, 9243 Tempor Rd.",Pangnirtung,547860,NU,Lesotho
Nora,Valencia,321-3133,lorem.eget.mollis@eget.org,5273 Molestie Avenue,Sydney,99990,New South Wales,Mayotte
Jameson,Mccoy,366-8929,ligula.Donec.luctus@facilisiSed.net,3526 Molestie Street,Overland Park,9468,KS,Paraguay
Georgia,Solomon,317-0799,Quisque.libero.lacus@loremtristiquealiquet.org,191-5780 Vitae Rd.,Oxford County,4196,Ontario,Mauritania
Ethan,Hunter,716-7963,lobortis.mauris.Suspendisse@Phasellusin.edu,825-7376 In Road,Guadalupe,2927,San José,Cook Islands
Yoshi,Lowe,603-8649,aliquet.metus@maurisblandit.org,"P.O. Box 595, 9783 Montes, Av.",Molina,LP7 0PM,Maule,Puerto Rico
Signe,Ruiz,152-6868,gravida@nonmassa.edu,242-9461 Maecenas Street,Orléans,10106,CE,Niue